floatID,data_center,file_path,date_time_min,date_time_max,latitude_min,latitude_max,longitude_min,longitude_max,depth_min,depth_max
13859,AO,data/atlantic/2002/01/nodc_R13859_148.nc,2002-01-02T13:02:25Z,2002-01-02T13:02:25Z,4.7900,4.7900,-25.0930,-25.0930,98.10,992.20
13859,AO,data/atlantic/2002/01/nodc_R13859_149.nc,2002-01-13T13:46:51Z,2002-01-13T13:46:51Z,4.9770,4.9770,-24.6590,-24.6590,92.60,1003.10
13859,AO,data/atlantic/2002/01/nodc_R13859_150.nc,2002-01-24T13:09:25Z,2002-01-24T13:09:25Z,4.8580,4.8580,-24.5790,-24.5790,87.20,997.70
15820,AO,data/atlantic/2002/01/nodc_R15820_147.nc,2002-01-07T00:51:42Z,2002-01-07T00:51:42Z,-6.4160,-6.4160,-25.4490,-25.4490,69.40,885.80
15820,AO,data/atlantic/2002/01/nodc_R15820_148.nc,2002-01-18T01:46:17Z,2002-01-18T01:46:17Z,-6.2560,-6.2560,-25.5360,-25.5360,27.10,875.30
15820,AO,data/atlantic/2002/01/nodc_R15820_149.nc,2002-01-29T00:56:38Z,2002-01-29T00:56:38Z,-5.9170,-5.9170,-25.6390,-25.6390,58.80,880.50
1900033,AO,data/atlantic/2002/01/nodc_D1900033_011.nc,2002-01-09T03:16:33Z,2002-01-09T03:16:33Z,13.2440,13.2440,-33.9510,-33.9510,10.00,1100.00
1900033,AO,data/atlantic/2002/01/nodc_D1900033_012.nc,2002-01-19T03:15:23Z,2002-01-19T03:15:23Z,13.1920,13.1920,-34.0740,-34.0740,10.00,1100.00
1900034,AO,data/atlantic/2002/01/nodc_D1900034_011.nc,2002-01-08T10:51:07Z,2002-01-08T10:51:07Z,9.4610,9.4610,-28.8690,-28.8690,10.00,1500.00
1900034,AO,data/atlantic/2002/01/nodc_D1900034_012.nc,2002-01-18T14:32:13Z,2002-01-18T14:32:13Z,9.5560,9.5560,-28.6390,-28.6390,10.00,1500.00
1900035,AO,data/atlantic/2002/01/nodc_D1900035_011.nc,2002-01-10T10:00:50Z,2002-01-10T10:00:50Z,18.5140,18.5140,-43.4780,-43.4780,10.00,1150.00
1900035,AO,data/atlantic/2002/01/nodc_D1900035_012.nc,2002-01-20T09:29:57Z,2002-01-20T09:29:57Z,18.1070,18.1070,-43.3920,-43.3920,10.00,1150.00
1900035,AO,data/atlantic/2002/01/nodc_D1900035_013.nc,2002-01-30T09:00:58Z,2002-01-30T09:00:58Z,17.9890,17.9890,-43.3070,-43.3070,10.00,1150.00
1900036,AO,data/atlantic/2002/01/nodc_D1900036_003.nc,2002-01-06T21:05:15Z,2002-01-06T21:05:15Z,36.1690,36.1690,-24.6790,-24.6790,10.00,1700.00
1900036,AO,data/atlantic/2002/01/nodc_D1900036_004.nc,2002-01-16T22:18:01Z,2002-01-16T22:18:01Z,35.7190,35.7190,-25.0660,-25.0660,10.00,1700.00
1900036,AO,data/atlantic/2002/01/nodc_D1900036_005.nc,2002-01-26T21:50:29Z,2002-01-26T21:50:29Z,35.4660,35.4660,-25.3020,-25.3020,10.00,1700.00
1900037,AO,data/atlantic/2002/01/nodc_D1900037_003.nc,2002-01-07T05:11:17Z,2002-01-07T05:11:17Z,36.6050,36.6050,-28.1040,-28.1040,10.00,1000.00
1900037,AO,data/atlantic/2002/01/nodc_D1900037_004.nc,2002-01-17T08:54:41Z,2002-01-17T08:54:41Z,36.5330,36.5330,-28.9500,-28.9500,10.00,1000.00
1900037,AO,data/atlantic/2002/01/nodc_D1900037_005.nc,2002-01-27T06:43:10Z,2002-01-27T06:43:10Z,36.6140,36.6140,-29.2370,-29.2370,10.00,1000.00
1900038,AO,data/atlantic/2002/01/nodc_D1900038_003.nc,2002-01-07T14:54:52Z,2002-01-07T14:54:52Z,35.4560,35.4560,-29.1120,-29.1120,10.00,900.00
1900038,AO,data/atlantic/2002/01/nodc_D1900038_004.nc,2002-01-17T14:47:19Z,2002-01-17T14:47:19Z,34.8810,34.8810,-28.7780,-28.7780,10.00,900.00
1900038,AO,data/atlantic/2002/01/nodc_D1900038_005.nc,2002-01-27T14:40:46Z,2002-01-27T14:40:46Z,34.3460,34.3460,-28.7690,-28.7690,10.00,900.00
1900039,AO,data/atlantic/2002/01/nodc_D1900039_003.nc,2002-01-08T03:20:43Z,2002-01-08T03:20:43Z,35.2980,35.2980,-32.7820,-32.7820,10.00,950.00
1900039,AO,data/atlantic/2002/01/nodc_D1900039_004.nc,2002-01-18T03:16:25Z,2002-01-18T03:16:25Z,35.3840,35.3840,-33.2250,-33.2250,10.00,950.00
1900039,AO,data/atlantic/2002/01/nodc_D1900039_005.nc,2002-01-28T03:08:16Z,2002-01-28T03:08:16Z,35.3650,35.3650,-33.5740,-33.5740,10.00,950.00
1900040,AO,data/atlantic/2002/01/nodc_D1900040_003.nc,2002-01-08T09:04:09Z,2002-01-08T09:04:09Z,33.8200,33.8200,-35.2250,-35.2250,10.00,1050.00
1900040,AO,data/atlantic/2002/01/nodc_D1900040_004.nc,2002-01-18T08:34:37Z,2002-01-18T08:34:37Z,34.3220,34.3220,-35.3110,-35.3110,10.00,1050.00
1900040,AO,data/atlantic/2002/01/nodc_D1900040_005.nc,2002-01-28T09:41:31Z,2002-01-28T09:41:31Z,34.8500,34.8500,-35.6170,-35.6170,10.00,1050.00
19019,AO,data/atlantic/2002/01/nodc_D19019_036.nc,2002-01-01T20:01:44Z,2002-01-01T20:01:44Z,-16.5660,-16.5660,-10.6810,-10.6810,4.30,999.50
19019,AO,data/atlantic/2002/01/nodc_D19019_037.nc,2002-01-12T09:15:32Z,2002-01-12T09:15:32Z,-16.6010,-16.6010,-10.7400,-10.7400,4.50,999.50
19019,AO,data/atlantic/2002/01/nodc_D19019_038.nc,2002-01-22T22:52:30Z,2002-01-22T22:52:30Z,-16.6210,-16.6210,-10.7120,-10.7120,4.50,999.60
31859,AO,data/atlantic/2002/01/nodc_R31859_147.nc,2002-01-02T22:24:17Z,2002-01-02T22:24:17Z,-14.6900,-14.6900,-35.7280,-35.7280,27.40,889.00
31859,AO,data/atlantic/2002/01/nodc_R31859_148.nc,2002-01-13T23:13:19Z,2002-01-13T23:13:19Z,-14.1590,-14.1590,-34.4170,-34.4170,27.40,889.00
31859,AO,data/atlantic/2002/01/nodc_R31859_149.nc,2002-01-25T00:08:06Z,2002-01-25T00:08:06Z,-14.2310,-14.2310,-33.7070,-33.7070,32.80,889.00
39009,AO,data/atlantic/2002/01/nodc_R39009_067.nc,2002-01-02T16:18:55Z,2002-01-02T16:18:55Z,-9.3030,-9.3030,-26.6490,-26.6490,4.00,1003.40
39009,AO,data/atlantic/2002/01/nodc_R39009_068.nc,2002-01-13T10:15:29Z,2002-01-13T10:15:29Z,-9.3970,-9.3970,-26.5690,-26.5690,4.00,1004.20
39009,AO,data/atlantic/2002/01/nodc_R39009_069.nc,2002-01-24T04:15:15Z,2002-01-24T04:15:15Z,-9.2340,-9.2340,-26.4640,-26.4640,4.00,1002.90
39013,AO,data/atlantic/2002/01/nodc_R39013_067.nc,2002-01-08T09:23:38Z,2002-01-08T09:23:38Z,-3.3050,-3.3050,-28.2120,-28.2120,4.00,1008.70
39013,AO,data/atlantic/2002/01/nodc_R39013_068.nc,2002-01-19T03:28:23Z,2002-01-19T03:28:23Z,-3.2070,-3.2070,-28.1080,-28.1080,4.00,1001.70
39013,AO,data/atlantic/2002/01/nodc_R39013_069.nc,2002-01-29T21:23:07Z,2002-01-29T21:23:07Z,-3.8510,-3.8510,-28.3580,-28.3580,4.00,1009.10
39016,AO,data/atlantic/2002/01/nodc_R39016_067.nc,2002-01-08T02:54:38Z,2002-01-08T02:54:38Z,3.5790,3.5790,-21.3800,-21.3800,4.00,1007.90
39016,AO,data/atlantic/2002/01/nodc_R39016_068.nc,2002-01-18T20:58:58Z,2002-01-18T20:58:58Z,3.3670,3.3670,-21.4290,-21.4290,4.00,1007.90
39016,AO,data/atlantic/2002/01/nodc_R39016_069.nc,2002-01-29T14:57:34Z,2002-01-29T14:57:34Z,3.4430,3.4430,-21.6810,-21.6810,4.00,1003.80
39017,AO,data/atlantic/2002/01/nodc_R39017_067.nc,2002-01-04T21:27:31Z,2002-01-04T21:27:31Z,5.6710,5.6710,-23.0210,-23.0210,4.00,996.90
39017,AO,data/atlantic/2002/01/nodc_R39017_068.nc,2002-01-15T15:27:51Z,2002-01-15T15:27:51Z,5.5680,5.5680,-23.5770,-23.5770,4.00,1004.00
39017,AO,data/atlantic/2002/01/nodc_R39017_069.nc,2002-01-26T09:23:35Z,2002-01-26T09:23:35Z,5.3990,5.3990,-24.0190,-24.0190,4.00,1005.10
39037,AO,data/atlantic/2002/01/nodc_D39037_037.nc,2002-01-08T18:34:23Z,2002-01-08T18:34:23Z,3.3380,3.3380,-33.6630,-33.6630,4.40,1999.50
39037,AO,data/atlantic/2002/01/nodc_D39037_038.nc,2002-01-19T06:54:29Z,2002-01-19T06:54:29Z,3.0670,3.0670,-34.1930,-34.1930,4.30,999.40
39037,AO,data/atlantic/2002/01/nodc_D39037_039.nc,2002-01-29T19:16:57Z,2002-01-29T19:16:57Z,2.8820,2.8820,-34.8610,-34.8610,4.20,949.10
39038,AO,data/atlantic/2002/01/nodc_D39038_037.nc,2002-01-10T07:04:59Z,2002-01-10T07:04:59Z,-5.3560,-5.3560,-31.6240,-31.6240,4.40,1949.10
39038,AO,data/atlantic/2002/01/nodc_D39038_038.nc,2002-01-20T15:44:34Z,2002-01-20T15:44:34Z,-5.6000,-5.6000,-30.7470,-30.7470,4.20,949.50
39038,AO,data/atlantic/2002/01/nodc_D39038_039.nc,2002-01-31T05:48:57Z,2002-01-31T05:48:57Z,-5.3680,-5.3680,-30.5440,-30.5440,4.30,999.60
39039,AO,data/atlantic/2002/01/nodc_D39039_036.nc,2002-01-01T02:15:00Z,2002-01-01T02:15:00Z,-11.2230,-11.2230,-27.3920,-27.3920,5.00,949.30
39039,AO,data/atlantic/2002/01/nodc_D39039_037.nc,2002-01-11T14:05:24Z,2002-01-11T14:05:24Z,-11.1865,-11.1865,-27.4735,-27.4735,5.20,1949.10
39039,AO,data/atlantic/2002/01/nodc_D39039_038.nc,2002-01-22T00:48:53Z,2002-01-22T00:48:53Z,-11.1500,-11.1500,-27.5550,-27.5550,4.80,999.40
39041,AO,data/atlantic/2002/01/nodc_D39041_036.nc,2002-01-03T04:21:41Z,2002-01-03T04:21:41Z,2.7800,2.7800,-31.7490,-31.7490,6.90,1949.20
39041,AO,data/atlantic/2002/01/nodc_D39041_037.nc,2002-01-13T20:54:16Z,2002-01-13T20:54:16Z,2.8280,2.8280,-31.9120,-31.9120,6.80,1999.50
39041,AO,data/atlantic/2002/01/nodc_D39041_038.nc,2002-01-24T13:07:36Z,2002-01-24T13:07:36Z,2.7650,2.7650,-32.2660,-32.2660,7.40,1999.80
39042,AO,data/atlantic/2002/01/nodc_D39042_036.nc,2002-01-04T23:37:08Z,2002-01-04T23:37:08Z,-7.4380,-7.4380,-28.5820,-28.5820,7.40,1999.50
39042,AO,data/atlantic/2002/01/nodc_D39042_037.nc,2002-01-15T15:04:45Z,2002-01-15T15:04:45Z,-7.5790,-7.5790,-28.6430,-28.6430,8.00,1999.40
39042,AO,data/atlantic/2002/01/nodc_D39042_038.nc,2002-01-26T07:10:25Z,2002-01-26T07:10:25Z,-7.7150,-7.7150,-28.8680,-28.8680,7.60,1999.40
39043,AO,data/atlantic/2002/01/nodc_D39043_036.nc,2002-01-01T15:51:15Z,2002-01-01T15:51:15Z,6.7120,6.7120,-36.3620,-36.3620,6.90,1999.10
39043,AO,data/atlantic/2002/01/nodc_D39043_037.nc,2002-01-12T08:17:51Z,2002-01-12T08:17:51Z,6.5290,6.5290,-35.9340,-35.9340,6.80,1999.30
39043,AO,data/atlantic/2002/01/nodc_D39043_038.nc,2002-01-22T23:14:51Z,2002-01-22T23:14:51Z,6.4010,6.4010,-35.4820,-35.4820,6.90,1999.50
39045,AO,data/atlantic/2002/01/nodc_D39045_036.nc,2002-01-04T15:14:11Z,2002-01-04T15:14:11Z,-6.8750,-6.8750,-25.8590,-25.8590,7.20,1999.10
39045,AO,data/atlantic/2002/01/nodc_D39045_037.nc,2002-01-15T05:26:56Z,2002-01-15T05:26:56Z,-6.7790,-6.7790,-25.6210,-25.6210,7.50,1999.30
39045,AO,data/atlantic/2002/01/nodc_D39045_038.nc,2002-01-25T21:56:04Z,2002-01-25T21:56:04Z,-6.5840,-6.5840,-25.5240,-25.5240,7.70,1949.30
39051,AO,data/atlantic/2002/01/nodc_D39051_030.nc,2002-01-04T12:54:35Z,2002-01-04T12:54:35Z,6.3000,6.3000,-30.7230,-30.7230,10.00,1050.00
39052,AO,data/atlantic/2002/01/nodc_D39052_029.nc,2002-01-04T17:39:31Z,2002-01-04T17:39:31Z,6.1360,6.1360,-42.1210,-42.1210,10.00,1100.00
39052,AO,data/atlantic/2002/01/nodc_D39052_030.nc,2002-01-14T18:28:44Z,2002-01-14T18:28:44Z,5.7860,5.7860,-40.9430,-40.9430,10.00,1100.00
39052,AO,data/atlantic/2002/01/nodc_D39052_031.nc,2002-01-24T19:16:03Z,2002-01-24T19:16:03Z,5.2590,5.2590,-40.3630,-40.3630,10.00,1100.00
41951,AO,data/atlantic/2002/01/nodc_D41951_046.nc,2002-01-05T10:55:19Z,2002-01-05T10:55:19Z,32.8890,32.8890,-71.4580,-71.4580,6.30,1999.40
41951,AO,data/atlantic/2002/01/nodc_D41951_047.nc,2002-01-16T05:19:32Z,2002-01-16T05:19:32Z,32.6540,32.6540,-71.6850,-71.6850,6.10,1999.40
41951,AO,data/atlantic/2002/01/nodc_D41951_048.nc,2002-01-26T23:25:42Z,2002-01-26T23:25:42Z,32.5720,32.5720,-71.9840,-71.9840,6.70,1999.40
41952,AO,data/atlantic/2002/01/nodc_D41952_037.nc,2002-01-06T01:11:45Z,2002-01-06T01:11:45Z,12.4670,12.4670,-52.6000,-52.6000,4.80,999.50
41952,AO,data/atlantic/2002/01/nodc_D41952_038.nc,2002-01-16T12:49:46Z,2002-01-16T12:49:46Z,13.3290,13.3290,-53.7440,-53.7440,4.90,999.60
41952,AO,data/atlantic/2002/01/nodc_D41952_039.nc,2002-01-27T01:30:36Z,2002-01-27T01:30:36Z,14.2540,14.2540,-54.3290,-54.3290,4.90,999.40
41953,AO,data/atlantic/2002/01/nodc_D41953_037.nc,2002-01-06T13:47:25Z,2002-01-06T13:47:25Z,9.5980,9.5980,-49.6000,-49.6000,4.40,1999.20
41953,AO,data/atlantic/2002/01/nodc_D41953_038.nc,2002-01-17T02:02:16Z,2002-01-17T02:02:16Z,9.7530,9.7530,-48.3160,-48.3160,4.40,999.10
41953,AO,data/atlantic/2002/01/nodc_D41953_039.nc,2002-01-27T14:06:17Z,2002-01-27T14:06:17Z,9.3160,9.3160,-47.6780,-47.6780,4.50,999.00
4900148,AO,data/atlantic/2002/01/nodc_D4900148_022.nc,2002-01-01T06:17:11Z,2002-01-01T06:17:11Z,38.6630,38.6630,-72.2020,-72.2020,10.00,1500.00
4900148,AO,data/atlantic/2002/01/nodc_D4900148_023.nc,2002-01-11T06:10:04Z,2002-01-11T06:10:04Z,38.3310,38.3310,-72.6220,-72.6220,10.00,1550.00
4900148,AO,data/atlantic/2002/01/nodc_D4900148_024.nc,2002-01-21T06:07:54Z,2002-01-21T06:07:54Z,37.7610,37.7610,-72.4730,-72.4730,10.00,1500.00
4900148,AO,data/atlantic/2002/01/nodc_D4900148_025.nc,2002-01-31T05:57:07Z,2002-01-31T05:57:07Z,37.1510,37.1510,-72.1930,-72.1930,10.00,1500.00
4900150,AO,data/atlantic/2002/01/nodc_D4900150_022.nc,2002-01-01T17:42:41Z,2002-01-01T17:42:41Z,32.2250,32.2250,-74.8340,-74.8340,10.00,1550.00
4900150,AO,data/atlantic/2002/01/nodc_D4900150_023.nc,2002-01-11T17:35:59Z,2002-01-11T17:35:59Z,32.7500,32.7500,-75.4150,-75.4150,10.00,1550.00
4900150,AO,data/atlantic/2002/01/nodc_D4900150_024.nc,2002-01-21T19:09:00Z,2002-01-21T19:09:00Z,33.6920,33.6920,-75.9130,-75.9130,10.00,1550.00
4900151,AO,data/atlantic/2002/01/nodc_D4900151_022.nc,2002-01-02T06:09:27Z,2002-01-02T06:09:27Z,27.8700,27.8700,-70.7400,-70.7400,10.00,1550.00
4900151,AO,data/atlantic/2002/01/nodc_D4900151_023.nc,2002-01-12T06:02:51Z,2002-01-12T06:02:51Z,28.1590,28.1590,-70.6160,-70.6160,10.00,1550.00
4900151,AO,data/atlantic/2002/01/nodc_D4900151_024.nc,2002-01-22T05:58:14Z,2002-01-22T05:58:14Z,28.1990,28.1990,-70.3860,-70.3860,10.00,1550.00
4900154,AO,data/atlantic/2002/01/nodc_D4900154_011.nc,2002-01-09T16:21:59Z,2002-01-09T16:21:59Z,17.1820,17.1820,-36.8440,-36.8440,10.00,1200.00
4900154,AO,data/atlantic/2002/01/nodc_D4900154_012.nc,2002-01-19T17:47:37Z,2002-01-19T17:47:37Z,17.0240,17.0240,-37.1110,-37.1110,10.00,1200.00
4900154,AO,data/atlantic/2002/01/nodc_D4900154_013.nc,2002-01-29T17:40:30Z,2002-01-29T17:40:30Z,16.9560,16.9560,-37.4220,-37.4220,10.00,1200.00
4900155,AO,data/atlantic/2002/01/nodc_D4900155_003.nc,2002-01-08T16:28:19Z,2002-01-08T16:28:19Z,31.5050,31.5050,-38.9480,-38.9480,10.00,950.00
4900155,AO,data/atlantic/2002/01/nodc_D4900155_004.nc,2002-01-18T18:01:54Z,2002-01-18T18:01:54Z,30.9760,30.9760,-38.8260,-38.8260,10.00,950.00
4900155,AO,data/atlantic/2002/01/nodc_D4900155_005.nc,2002-01-28T17:53:29Z,2002-01-28T17:53:29Z,30.5940,30.5940,-38.4440,-38.4440,10.00,950.00
4900156,AO,data/atlantic/2002/01/nodc_D4900156_003.nc,2002-01-09T03:14:13Z,2002-01-09T03:14:13Z,31.0710,31.0710,-42.6450,-42.6450,10.00,1000.00
4900156,AO,data/atlantic/2002/01/nodc_D4900156_004.nc,2002-01-19T03:07:22Z,2002-01-19T03:07:22Z,31.1270,31.1270,-42.6400,-42.6400,10.00,1000.00
4900156,AO,data/atlantic/2002/01/nodc_D4900156_005.nc,2002-01-29T03:01:41Z,2002-01-29T03:01:41Z,30.9820,30.9820,-42.5070,-42.5070,10.00,1050.00
4900157,AO,data/atlantic/2002/01/nodc_D4900157_003.nc,2002-01-09T10:19:10Z,2002-01-09T10:19:10Z,32.3990,32.3990,-44.9840,-44.9840,10.00,1000.00
4900157,AO,data/atlantic/2002/01/nodc_D4900157_004.nc,2002-01-19T11:29:48Z,2002-01-19T11:29:48Z,32.8610,32.8610,-44.7420,-44.7420,10.00,1000.00
4900157,AO,data/atlantic/2002/01/nodc_D4900157_005.nc,2002-01-29T10:58:54Z,2002-01-29T10:58:54Z,32.6540,32.6540,-44.2170,-44.2170,10.00,1000.00
4900158,AO,data/atlantic/2002/01/nodc_D4900158_003.nc,2002-01-09T20:02:15Z,2002-01-09T20:02:15Z,30.4860,30.4860,-48.3390,-48.3390,10.00,1050.00
4900158,AO,data/atlantic/2002/01/nodc_D4900158_004.nc,2002-01-19T21:06:28Z,2002-01-19T21:06:28Z,30.5880,30.5880,-48.3530,-48.3530,10.00,1050.00
4900158,AO,data/atlantic/2002/01/nodc_D4900158_005.nc,2002-01-29T20:37:46Z,2002-01-29T20:37:46Z,30.6760,30.6760,-48.4850,-48.4850,10.00,1050.00
4900159,AO,data/atlantic/2002/01/nodc_D4900159_003.nc,2002-01-10T04:41:54Z,2002-01-10T04:41:54Z,30.0690,30.0690,-53.0310,-53.0310,10.00,1100.00
4900159,AO,data/atlantic/2002/01/nodc_D4900159_004.nc,2002-01-20T04:35:11Z,2002-01-20T04:35:11Z,30.1150,30.1150,-53.5390,-53.5390,10.00,1100.00
4900159,AO,data/atlantic/2002/01/nodc_D4900159_005.nc,2002-01-30T04:30:20Z,2002-01-30T04:30:20Z,30.1790,30.1790,-54.0010,-54.0010,10.00,1050.00
4900228,AO,data/atlantic/2002/01/nodc_R4900228_011.nc,2002-01-02T16:38:00Z,2002-01-02T16:38:00Z,33.1410,33.1410,-66.7780,-66.7780,1.50,1201.50
4900228,AO,data/atlantic/2002/01/nodc_R4900228_012.nc,2002-01-07T16:49:00Z,2002-01-07T16:49:00Z,33.2530,33.2530,-66.8400,-66.8400,0.50,1200.50
4900228,AO,data/atlantic/2002/01/nodc_R4900228_013.nc,2002-01-12T16:31:00Z,2002-01-12T16:31:00Z,33.3240,33.3240,-66.9960,-66.9960,0.50,1207.50
4900228,AO,data/atlantic/2002/01/nodc_R4900228_014.nc,2002-01-17T16:29:00Z,2002-01-17T16:29:00Z,33.4540,33.4540,-67.2200,-67.2200,0.50,1207.50
4900228,AO,data/atlantic/2002/01/nodc_R4900228_015.nc,2002-01-22T16:27:00Z,2002-01-22T16:27:00Z,33.5260,33.5260,-67.4330,-67.4330,0.50,1204.50
4900228,AO,data/atlantic/2002/01/nodc_R4900228_016.nc,2002-01-27T16:33:00Z,2002-01-27T16:33:00Z,33.6120,33.6120,-67.7240,-67.7240,1.50,1213.50
49060,AO,data/atlantic/2002/01/nodc_D49060_029.nc,2002-01-07T13:26:22Z,2002-01-07T13:26:22Z,14.7220,14.7220,-62.3830,-62.3830,10.00,1050.00
49060,AO,data/atlantic/2002/01/nodc_D49060_030.nc,2002-01-17T13:48:55Z,2002-01-17T13:48:55Z,15.0690,15.0690,-62.5190,-62.5190,10.00,1050.00
49060,AO,data/atlantic/2002/01/nodc_D49060_031.nc,2002-01-27T14:12:35Z,2002-01-27T14:12:35Z,15.4570,15.4570,-63.0440,-63.0440,10.00,1050.00
5900116,AO,data/atlantic/2002/01/nodc_D5900116_011.nc,2002-01-03T13:41:54Z,2002-01-03T13:41:54Z,-16.9450,-16.9450,-7.4830,-7.4830,10.00,1700.00
5900116,AO,data/atlantic/2002/01/nodc_D5900116_012.nc,2002-01-13T13:35:44Z,2002-01-13T13:35:44Z,-17.1010,-17.1010,-7.7890,-7.7890,10.00,1700.00
5900116,AO,data/atlantic/2002/01/nodc_D5900116_013.nc,2002-01-23T13:27:44Z,2002-01-23T13:27:44Z,-17.1680,-17.1680,-8.0640,-8.0640,10.00,1700.00
5900117,AO,data/atlantic/2002/01/nodc_D5900117_011.nc,2002-01-02T19:01:01Z,2002-01-02T19:01:01Z,-21.3290,-21.3290,-5.8360,-5.8360,10.00,1250.00
5900117,AO,data/atlantic/2002/01/nodc_D5900117_012.nc,2002-01-12T18:32:03Z,2002-01-12T18:32:03Z,-21.3570,-21.3570,-5.5840,-5.5840,10.00,1250.00
5900117,AO,data/atlantic/2002/01/nodc_D5900117_013.nc,2002-01-22T19:39:02Z,2002-01-22T19:39:02Z,-20.8920,-20.8920,-5.6470,-5.6470,10.00,1200.00
5900118,AO,data/atlantic/2002/01/nodc_D5900118_011.nc,2002-01-04T00:56:01Z,2002-01-04T00:56:01Z,-14.1520,-14.1520,-10.3050,-10.3050,10.00,1000.00
5900118,AO,data/atlantic/2002/01/nodc_D5900118_012.nc,2002-01-14T02:26:55Z,2002-01-14T02:26:55Z,-14.0800,-14.0800,-10.3940,-10.3940,10.00,1000.00
5900118,AO,data/atlantic/2002/01/nodc_D5900118_013.nc,2002-01-24T02:19:46Z,2002-01-24T02:19:46Z,-13.9260,-13.9260,-10.5150,-10.5150,10.00,1000.00
5900119,AO,data/atlantic/2002/01/nodc_D5900119_011.nc,2002-01-04T18:20:29Z,2002-01-04T18:20:29Z,-9.9130,-9.9130,-8.7500,-8.7500,10.00,1700.00
5900119,AO,data/atlantic/2002/01/nodc_D5900119_012.nc,2002-01-14T19:27:17Z,2002-01-14T19:27:17Z,-10.0320,-10.0320,-9.0390,-9.0390,10.00,1700.00
5900119,AO,data/atlantic/2002/01/nodc_D5900119_013.nc,2002-01-24T18:57:30Z,2002-01-24T18:57:30Z,-10.1650,-10.1650,-9.2960,-9.2960,10.00,1700.00
5900120,AO,data/atlantic/2002/01/nodc_D5900120_011.nc,2002-01-05T07:02:26Z,2002-01-05T07:02:26Z,-6.5800,-6.5800,-15.4130,-15.4130,10.00,1150.00
5900120,AO,data/atlantic/2002/01/nodc_D5900120_012.nc,2002-01-15T06:34:00Z,2002-01-15T06:34:00Z,-6.8200,-6.8200,-15.6510,-15.6510,10.00,1150.00
5900120,AO,data/atlantic/2002/01/nodc_D5900120_013.nc,2002-01-25T07:40:20Z,2002-01-25T07:40:20Z,-7.2500,-7.2500,-16.1680,-16.1680,10.00,1150.00
6900087,AO,data/atlantic/2002/01/nodc_D6900087_036.nc,2002-01-03T09:16:30Z,2002-01-03T09:16:30Z,35.0330,35.0330,19.3330,19.3330,7.40,599.40
6900087,AO,data/atlantic/2002/01/nodc_D6900087_038.nc,2002-01-08T09:49:56Z,2002-01-08T09:49:56Z,35.0190,35.0190,19.4430,19.4430,7.30,599.20
6900087,AO,data/atlantic/2002/01/nodc_D6900087_039.nc,2002-01-13T10:23:23Z,2002-01-13T10:23:23Z,35.0080,35.0080,19.4490,19.4490,7.60,599.50
6900087,AO,data/atlantic/2002/01/nodc_D6900087_040.nc,2002-01-18T09:17:58Z,2002-01-18T09:17:58Z,34.9500,34.9500,19.3770,19.3770,7.60,599.20
6900087,AO,data/atlantic/2002/01/nodc_D6900087_041.nc,2002-01-23T09:49:55Z,2002-01-23T09:49:55Z,34.9450,34.9450,19.2680,19.2680,7.40,599.50
6900087,AO,data/atlantic/2002/01/nodc_D6900087_042.nc,2002-01-28T10:26:22Z,2002-01-28T10:26:22Z,34.9380,34.9380,19.3570,19.3570,7.00,599.20
6900091,AO,data/atlantic/2002/01/nodc_D6900091_036.nc,2002-01-03T12:14:33Z,2002-01-03T12:14:33Z,35.1830,35.1830,29.5550,29.5550,6.90,599.30
6900091,AO,data/atlantic/2002/01/nodc_D6900091_037.nc,2002-01-08T12:16:11Z,2002-01-08T12:16:11Z,35.1890,35.1890,29.5840,29.5840,7.40,599.40
6900091,AO,data/atlantic/2002/01/nodc_D6900091_038.nc,2002-01-13T12:23:16Z,2002-01-13T12:23:16Z,35.2310,35.2310,29.5670,29.5670,7.20,599.20
6900091,AO,data/atlantic/2002/01/nodc_D6900091_040.nc,2002-01-18T12:15:32Z,2002-01-18T12:15:32Z,35.3020,35.3020,29.5220,29.5220,7.20,599.30
6900091,AO,data/atlantic/2002/01/nodc_D6900091_041.nc,2002-01-23T12:13:43Z,2002-01-23T12:13:43Z,35.4050,35.4050,29.3460,29.3460,7.50,599.30
6900091,AO,data/atlantic/2002/01/nodc_D6900091_042.nc,2002-01-28T12:17:48Z,2002-01-28T12:17:48Z,35.4710,35.4710,29.2700,29.2700,7.60,599.50
49064,BO,data/atlantic/2002/01/nodc_D49064_036.nc,2002-01-06T01:31:39Z,2002-01-06T01:31:39Z,63.8140,63.8140,-31.0610,-31.0610,8.90,2004.20
49064,BO,data/atlantic/2002/01/nodc_D49064_037.nc,2002-01-16T02:38:11Z,2002-01-16T02:38:11Z,63.9430,63.9430,-31.0390,-31.0390,9.30,2008.90
49064,BO,data/atlantic/2002/01/nodc_D49064_038.nc,2002-01-25T22:20:07Z,2002-01-25T22:20:07Z,63.8240,63.8240,-32.3740,-32.3740,9.00,2008.60
49065,BO,data/atlantic/2002/01/nodc_D49065_036.nc,2002-01-06T03:34:38Z,2002-01-06T03:34:38Z,63.4990,63.4990,-28.9920,-28.9920,4.60,1930.80
49065,BO,data/atlantic/2002/01/nodc_D49065_037.nc,2002-01-16T03:31:39Z,2002-01-16T03:31:39Z,63.7780,63.7780,-29.0580,-29.0580,4.50,1763.50
49066,BO,data/atlantic/2002/01/nodc_D49066_036.nc,2002-01-05T21:15:52Z,2002-01-05T21:15:52Z,61.5380,61.5380,-28.2280,-28.2280,6.50,1636.70
49066,BO,data/atlantic/2002/01/nodc_D49066_037.nc,2002-01-15T21:13:02Z,2002-01-15T21:13:02Z,61.6370,61.6370,-27.9850,-27.9850,6.50,1581.20
49066,BO,data/atlantic/2002/01/nodc_D49066_038.nc,2002-01-25T20:43:19Z,2002-01-25T20:43:19Z,61.8850,61.8850,-27.7210,-27.7210,6.50,1444.50
49067,BO,data/atlantic/2002/01/nodc_D49067_036.nc,2002-01-05T22:11:07Z,2002-01-05T22:11:07Z,61.7290,61.7290,-39.1450,-39.1450,9.10,2004.80
49067,BO,data/atlantic/2002/01/nodc_D49067_037.nc,2002-01-15T22:52:28Z,2002-01-15T22:52:28Z,60.8400,60.8400,-40.5550,-40.5550,8.90,2002.90
49068,BO,data/atlantic/2002/01/nodc_D49068_036.nc,2002-01-05T22:10:05Z,2002-01-05T22:10:05Z,61.6920,61.6920,-30.1860,-30.1860,7.60,2004.70
49068,BO,data/atlantic/2002/01/nodc_D49068_037.nc,2002-01-15T22:52:25Z,2002-01-15T22:52:25Z,61.7230,61.7230,-30.0200,-30.0200,8.40,2005.80
49068,BO,data/atlantic/2002/01/nodc_D49068_038.nc,2002-01-25T22:22:27Z,2002-01-25T22:22:27Z,61.8430,61.8430,-29.3980,-29.3980,8.30,1938.70
6900082,BO,data/atlantic/2002/01/nodc_D6900082_005.nc,2002-01-10T02:01:11Z,2002-01-10T02:01:11Z,61.3930,61.3930,-33.0650,-33.0650,7.60,2009.20
6900082,BO,data/atlantic/2002/01/nodc_D6900082_006.nc,2002-01-20T02:01:45Z,2002-01-20T02:01:45Z,61.4590,61.4590,-33.0820,-33.0820,7.80,2001.70
6900082,BO,data/atlantic/2002/01/nodc_D6900082_007.nc,2002-01-30T02:01:28Z,2002-01-30T02:01:28Z,61.5860,61.5860,-32.9520,-32.9520,7.30,2004.80
6900083,BO,data/atlantic/2002/01/nodc_D6900083_004.nc,2002-01-01T11:01:59Z,2002-01-01T11:01:59Z,61.9070,61.9070,-34.9670,-34.9670,7.00,2008.50
6900083,BO,data/atlantic/2002/01/nodc_D6900083_005.nc,2002-01-11T11:01:50Z,2002-01-11T11:01:50Z,62.2620,62.2620,-34.1760,-34.1760,7.20,2002.90
6900083,BO,data/atlantic/2002/01/nodc_D6900083_006.nc,2002-01-21T11:01:51Z,2002-01-21T11:01:51Z,62.1000,62.1000,-33.6920,-33.6920,7.10,2001.70
6900083,BO,data/atlantic/2002/01/nodc_D6900083_007.nc,2002-01-31T11:01:37Z,2002-01-31T11:01:37Z,61.9420,61.9420,-33.4710,-33.4710,7.20,2002.80
6900195,BO,data/atlantic/2002/01/nodc_D6900195_007.nc,2002-01-07T05:01:05Z,2002-01-07T05:01:05Z,69.7070,69.7070,10.3920,10.3920,8.50,1898.90
6900195,BO,data/atlantic/2002/01/nodc_D6900195_008.nc,2002-01-17T02:01:18Z,2002-01-17T02:01:18Z,69.5260,69.5260,10.2730,10.2730,8.50,1998.90
6900195,BO,data/atlantic/2002/01/nodc_D6900195_009.nc,2002-01-27T05:01:15Z,2002-01-27T05:01:15Z,69.1290,69.1290,10.2680,10.2680,8.20,1899.10
6900196,BO,data/atlantic/2002/01/nodc_D6900196_007.nc,2002-01-08T04:35:37Z,2002-01-08T04:35:37Z,71.3630,71.3630,6.1140,6.1140,8.10,1999.10
6900196,BO,data/atlantic/2002/01/nodc_D6900196_008.nc,2002-01-18T06:54:56Z,2002-01-18T06:54:56Z,71.2980,71.2980,7.4440,7.4440,7.90,1899.30
6900196,BO,data/atlantic/2002/01/nodc_D6900196_009.nc,2002-01-28T04:01:39Z,2002-01-28T04:01:39Z,71.2190,71.2190,4.7750,4.7750,8.30,1999.70
6900197,BO,data/atlantic/2002/01/nodc_D6900197_005.nc,2002-01-06T11:01:44Z,2002-01-06T11:01:44Z,57.8970,57.8970,-36.4690,-36.4690,50.00,2002.00
6900197,BO,data/atlantic/2002/01/nodc_D6900197_006.nc,2002-01-16T11:01:43Z,2002-01-16T11:01:43Z,57.9290,57.9290,-36.8500,-36.8500,5.00,1950.00
6900197,BO,data/atlantic/2002/01/nodc_D6900197_007.nc,2002-01-26T11:01:57Z,2002-01-26T11:01:57Z,58.0330,58.0330,-36.6160,-36.6160,63.00,1982.00
6900198,BO,data/atlantic/2002/01/nodc_D6900198_003.nc,2002-01-06T11:01:54Z,2002-01-06T11:01:54Z,59.0890,59.0890,-42.3190,-42.3190,2.00,1991.00
6900198,BO,data/atlantic/2002/01/nodc_D6900198_004.nc,2002-01-16T11:01:19Z,2002-01-16T11:01:19Z,58.2680,58.2680,-44.3800,-44.3800,15.00,1968.00
6900198,BO,data/atlantic/2002/01/nodc_D6900198_005.nc,2002-01-26T11:01:38Z,2002-01-26T11:01:38Z,58.4120,58.4120,-45.0840,-45.0840,52.00,2001.00
69079,BO,data/atlantic/2002/01/nodc_D69079_024.nc,2002-01-01T11:01:24Z,2002-01-01T11:01:24Z,59.0850,59.0850,-11.9270,-11.9270,8.20,1799.30
69079,BO,data/atlantic/2002/01/nodc_D69079_025.nc,2002-01-11T11:01:48Z,2002-01-11T11:01:48Z,59.0920,59.0920,-12.0710,-12.0710,8.10,1749.70
69079,BO,data/atlantic/2002/01/nodc_D69079_026.nc,2002-01-21T11:01:10Z,2002-01-21T11:01:10Z,59.2000,59.2000,-11.9140,-11.9140,8.00,1733.60
69079,BO,data/atlantic/2002/01/nodc_D69079_027.nc,2002-01-31T11:01:21Z,2002-01-31T11:01:21Z,59.2770,59.2770,-11.9800,-11.9800,7.80,1679.60
69080,BO,data/atlantic/2002/01/nodc_D69080_023.nc,2002-01-05T01:01:15Z,2002-01-05T01:01:15Z,58.5500,58.5500,-11.3410,-11.3410,7.60,1799.40
69080,BO,data/atlantic/2002/01/nodc_D69080_024.nc,2002-01-15T01:01:27Z,2002-01-15T01:01:27Z,58.4370,58.4370,-11.4870,-11.4870,8.40,1749.50
69080,BO,data/atlantic/2002/01/nodc_D69080_025.nc,2002-01-25T01:01:22Z,2002-01-25T01:01:22Z,58.1550,58.1550,-11.9740,-11.9740,8.10,1749.30
69081,BO,data/atlantic/2002/01/nodc_D69081_024.nc,2002-01-05T10:01:16Z,2002-01-05T10:01:16Z,58.9810,58.9810,-23.3890,-23.3890,8.00,1999.30
69081,BO,data/atlantic/2002/01/nodc_D69081_025.nc,2002-01-15T12:01:55Z,2002-01-15T12:01:55Z,59.7530,59.7530,-23.3820,-23.3820,8.00,1949.30
69081,BO,data/atlantic/2002/01/nodc_D69081_026.nc,2002-01-25T12:01:23Z,2002-01-25T12:01:23Z,59.8160,59.8160,-23.1170,-23.1170,8.30,1949.50
1900104,IF,data/atlantic/2002/01/nodc_D1900104_004.nc,2002-01-03T03:05:47Z,2002-01-03T03:05:47Z,-53.1860,-53.1860,19.9470,19.9470,8.90,1899.40
1900106,IF,data/atlantic/2002/01/nodc_D1900106_004.nc,2002-01-03T19:22:39Z,2002-01-03T19:22:39Z,-56.5430,-56.5430,19.1940,19.1940,7.90,1899.10
1900106,IF,data/atlantic/2002/01/nodc_D1900106_006.nc,2002-01-17T19:50:54Z,2002-01-17T19:50:54Z,-55.7720,-55.7720,19.8090,19.8090,7.40,1898.90
1900106,IF,data/atlantic/2002/01/nodc_D1900106_007.nc,2002-01-24T17:09:30Z,2002-01-24T17:09:30Z,-55.2710,-55.2710,19.8800,19.8800,7.00,1999.20
3900072,IF,data/atlantic/2002/01/nodc_D3900072_004.nc,2002-01-04T04:23:23Z,2002-01-04T04:23:23Z,-57.6290,-57.6290,16.5990,16.5990,8.00,1899.40
3900072,IF,data/atlantic/2002/01/nodc_D3900072_005.nc,2002-01-11T03:50:28Z,2002-01-11T03:50:28Z,-57.6000,-57.6000,16.4550,16.4550,7.80,1899.20
3900072,IF,data/atlantic/2002/01/nodc_D3900072_006.nc,2002-01-18T01:32:10Z,2002-01-18T01:32:10Z,-57.5030,-57.5030,16.2660,16.2660,8.30,1999.30
3900072,IF,data/atlantic/2002/01/nodc_D3900072_007.nc,2002-01-25T04:19:37Z,2002-01-25T04:19:37Z,-57.3730,-57.3730,15.9570,15.9570,7.80,1899.20
3900073,IF,data/atlantic/2002/01/nodc_D3900073_004.nc,2002-01-04T07:55:18Z,2002-01-04T07:55:18Z,-59.3890,-59.3890,14.6150,14.6150,8.60,1899.40
3900073,IF,data/atlantic/2002/01/nodc_D3900073_007.nc,2002-01-25T06:02:51Z,2002-01-25T06:02:51Z,-60.3020,-60.3020,14.2830,14.2830,8.30,1999.30
3900074,IF,data/atlantic/2002/01/nodc_D3900074_004.nc,2002-01-04T15:31:09Z,2002-01-04T15:31:09Z,-60.0700,-60.0700,12.7220,12.7220,8.30,1999.70
3900074,IF,data/atlantic/2002/01/nodc_D3900074_005.nc,2002-01-11T17:43:22Z,2002-01-11T17:43:22Z,-60.1140,-60.1140,12.4860,12.4860,7.60,1898.90
3900074,IF,data/atlantic/2002/01/nodc_D3900074_006.nc,2002-01-18T15:54:48Z,2002-01-18T15:54:48Z,-60.1180,-60.1180,12.4250,12.4250,8.20,1999.60
3900074,IF,data/atlantic/2002/01/nodc_D3900074_007.nc,2002-01-25T17:59:07Z,2002-01-25T17:59:07Z,-60.2610,-60.2610,12.2120,12.2120,7.60,1899.10
3900130,IF,data/atlantic/2002/01/nodc_D3900130_064.nc,2002-01-05T12:27:33Z,2002-01-05T12:27:33Z,5.8490,5.8490,-22.2540,-22.2540,4.70,5856.30
3900130,IF,data/atlantic/2002/01/nodc_D3900130_065.nc,2002-01-15T16:47:19Z,2002-01-15T16:47:19Z,5.5630,5.5630,-22.6630,-22.6630,4.50,1449.30
3900130,IF,data/atlantic/2002/01/nodc_D3900130_066.nc,2002-01-25T22:04:58Z,2002-01-25T22:04:58Z,5.3120,5.3120,-23.0840,-23.0840,4.80,1499.70
3900131,IF,data/atlantic/2002/01/nodc_D3900131_062.nc,2002-01-04T17:04:11Z,2002-01-04T17:04:11Z,-2.9360,-2.9360,-30.3950,-30.3950,4.20,1449.50
3900131,IF,data/atlantic/2002/01/nodc_D3900131_063.nc,2002-01-14T23:11:22Z,2002-01-14T23:11:22Z,-2.6750,-2.6750,-31.0150,-31.0150,4.20,1499.30
3900131,IF,data/atlantic/2002/01/nodc_D3900131_064.nc,2002-01-25T01:58:19Z,2002-01-25T01:58:19Z,-1.8720,-1.8720,-32.6020,-32.6020,4.20,1449.00
3900132,IF,data/atlantic/2002/01/nodc_D3900132_062.nc,2002-01-03T02:46:56Z,2002-01-03T02:46:56Z,8.9730,8.9730,-22.4930,-22.4930,5.10,1499.50
3900132,IF,data/atlantic/2002/01/nodc_D3900132_063.nc,2002-01-13T06:31:15Z,2002-01-13T06:31:15Z,8.7260,8.7260,-22.2020,-22.2020,5.00,1449.50
3900132,IF,data/atlantic/2002/01/nodc_D3900132_064.nc,2002-01-23T10:08:16Z,2002-01-23T10:08:16Z,9.4530,9.4530,-22.3990,-22.3990,5.00,1499.60
3900133,IF,data/atlantic/2002/01/nodc_D3900133_065.nc,2002-01-10T00:21:00Z,2002-01-10T00:21:00Z,6.6800,6.6800,-38.4560,-38.4560,4.70,1499.70
3900133,IF,data/atlantic/2002/01/nodc_D3900133_066.nc,2002-01-20T03:06:00Z,2002-01-20T03:06:00Z,6.3940,6.3940,-37.2070,-37.2070,5.30,1499.60
3900133,IF,data/atlantic/2002/01/nodc_D3900133_067.nc,2002-01-30T09:46:00Z,2002-01-30T09:46:00Z,5.3380,5.3380,-37.3230,-37.3230,5.20,1449.30
3900137,IF,data/atlantic/2002/01/nodc_D3900137_042.nc,2002-01-07T05:26:29Z,2002-01-07T05:26:29Z,9.2060,9.2060,-44.7090,-44.7090,5.10,1449.10
3900137,IF,data/atlantic/2002/01/nodc_D3900137_043.nc,2002-01-17T05:19:00Z,2002-01-17T05:19:00Z,8.5600,8.5600,-45.2300,-45.2300,5.30,1499.50
3900137,IF,data/atlantic/2002/01/nodc_D3900137_044.nc,2002-01-27T03:31:48Z,2002-01-27T03:31:48Z,7.8980,7.8980,-46.2010,-46.2010,5.40,1499.60
3900139,IF,data/atlantic/2002/01/nodc_D3900139_062.nc,2002-01-06T22:37:23Z,2002-01-06T22:37:23Z,-15.9390,-15.9390,-31.4560,-31.4560,5.30,1499.60
3900139,IF,data/atlantic/2002/01/nodc_D3900139_063.nc,2002-01-17T05:50:08Z,2002-01-17T05:50:08Z,-16.1570,-16.1570,-31.4620,-31.4620,4.90,1449.10
3900139,IF,data/atlantic/2002/01/nodc_D3900139_064.nc,2002-01-27T07:08:22Z,2002-01-27T07:08:22Z,-16.4770,-16.4770,-31.5470,-31.5470,5.00,1499.40
3900140,IF,data/atlantic/2002/01/nodc_D3900140_041.nc,2002-01-10T04:57:17Z,2002-01-10T04:57:17Z,-0.7570,-0.7570,-33.8640,-33.8640,4.90,1499.80
3900140,IF,data/atlantic/2002/01/nodc_D3900140_042.nc,2002-01-20T12:28:29Z,2002-01-20T12:28:29Z,-0.2870,-0.2870,-32.2710,-32.2710,4.90,1804.60
3900140,IF,data/atlantic/2002/01/nodc_D3900140_043.nc,2002-01-30T17:25:14Z,2002-01-30T17:25:14Z,0.0760,0.0760,-31.3330,-31.3330,5.20,1499.70
3900141,IF,data/atlantic/2002/01/nodc_D3900141_042.nc,2002-01-06T10:01:40Z,2002-01-06T10:01:40Z,5.3210,5.3210,-27.8830,-27.8830,8.00,1449.40
3900141,IF,data/atlantic/2002/01/nodc_D3900141_043.nc,2002-01-16T11:40:23Z,2002-01-16T11:40:23Z,5.6230,5.6230,-28.1520,-28.1520,8.00,1449.60
3900141,IF,data/atlantic/2002/01/nodc_D3900141_044.nc,2002-01-26T05:21:29Z,2002-01-26T05:21:29Z,5.7440,5.7440,-28.8560,-28.8560,7.70,1499.20
3900142,IF,data/atlantic/2002/01/nodc_D3900142_042.nc,2002-01-07T09:25:53Z,2002-01-07T09:25:53Z,9.2860,9.2860,-45.6570,-45.6570,29.60,6169.40
3900142,IF,data/atlantic/2002/01/nodc_D3900142_043.nc,2002-01-17T09:04:09Z,2002-01-17T09:04:09Z,9.4310,9.4310,-45.6180,-45.6180,19.20,6448.40
3900142,IF,data/atlantic/2002/01/nodc_D3900142_044.nc,2002-01-27T12:33:07Z,2002-01-27T12:33:07Z,8.9530,8.9530,-45.2430,-45.2430,8.80,1499.50
3900143,IF,data/atlantic/2002/01/nodc_D3900143_041.nc,2002-01-03T05:15:48Z,2002-01-03T05:15:48Z,-4.9920,-4.9920,-13.7110,-13.7110,8.40,1449.50
3900143,IF,data/atlantic/2002/01/nodc_D3900143_042.nc,2002-01-13T06:34:09Z,2002-01-13T06:34:09Z,-4.4570,-4.4570,-13.5650,-13.5650,8.20,1399.40
3900143,IF,data/atlantic/2002/01/nodc_D3900143_043.nc,2002-01-23T06:12:17Z,2002-01-23T06:12:17Z,-4.7410,-4.7410,-12.3990,-12.3990,8.70,1449.50
4900187,IF,data/atlantic/2002/01/nodc_D4900187_024.nc,2002-01-09T11:00:40Z,2002-01-09T11:00:40Z,42.6400,42.6400,-52.0110,-52.0110,9.40,1999.70
4900187,IF,data/atlantic/2002/01/nodc_D4900187_025.nc,2002-01-19T13:12:15Z,2002-01-19T13:12:15Z,42.5060,42.5060,-51.6760,-51.6760,7.50,1949.50
4900187,IF,data/atlantic/2002/01/nodc_D4900187_026.nc,2002-01-29T08:08:21Z,2002-01-29T08:08:21Z,42.9080,42.9080,-52.0240,-52.0240,9.40,1999.70
4900189,IF,data/atlantic/2002/01/nodc_D4900189_023.nc,2002-01-09T20:19:26Z,2002-01-09T20:19:26Z,42.3530,42.3530,-42.7880,-42.7880,8.30,1949.30
4900189,IF,data/atlantic/2002/01/nodc_D4900189_024.nc,2002-01-19T14:14:48Z,2002-01-19T14:14:48Z,41.6110,41.6110,-42.2660,-42.2660,9.50,1999.40
4900190,IF,data/atlantic/2002/01/nodc_D4900190_021.nc,2002-01-05T11:18:55Z,2002-01-05T11:18:55Z,49.9130,49.9130,-38.2200,-38.2200,7.30,1949.20
4900190,IF,data/atlantic/2002/01/nodc_D4900190_022.nc,2002-01-15T06:59:02Z,2002-01-15T06:59:02Z,50.0100,50.0100,-37.9940,-37.9940,9.40,1999.70
4900190,IF,data/atlantic/2002/01/nodc_D4900190_023.nc,2002-01-25T10:51:42Z,2002-01-25T10:51:42Z,50.7980,50.7980,-38.0420,-38.0420,7.40,1949.00
4900191,IF,data/atlantic/2002/01/nodc_D4900191_021.nc,2002-01-05T19:00:39Z,2002-01-05T19:00:39Z,51.5730,51.5730,-36.1260,-36.1260,7.60,1949.20
4900191,IF,data/atlantic/2002/01/nodc_D4900191_022.nc,2002-01-15T16:40:33Z,2002-01-15T16:40:33Z,52.0180,52.0180,-36.2520,-36.2520,9.20,1999.70
4900191,IF,data/atlantic/2002/01/nodc_D4900191_023.nc,2002-01-25T18:59:46Z,2002-01-25T18:59:46Z,52.2360,52.2360,-35.4800,-35.4800,7.10,1949.40
4900192,IF,data/atlantic/2002/01/nodc_D4900192_021.nc,2002-01-04T11:34:10Z,2002-01-04T11:34:10Z,50.8190,50.8190,-45.3760,-45.3760,10.00,1999.60
4900192,IF,data/atlantic/2002/01/nodc_D4900192_022.nc,2002-01-14T15:15:11Z,2002-01-14T15:15:11Z,51.8870,51.8870,-44.1050,-44.1050,7.60,1949.40
4900192,IF,data/atlantic/2002/01/nodc_D4900192_023.nc,2002-01-24T09:35:12Z,2002-01-24T09:35:12Z,52.2240,52.2240,-44.0040,-44.0040,8.90,1999.80
4900193,IF,data/atlantic/2002/01/nodc_D4900193_021.nc,2002-01-04T18:03:09Z,2002-01-04T18:03:09Z,50.0700,50.0700,-46.4330,-46.4330,8.20,1949.10
4900193,IF,data/atlantic/2002/01/nodc_D4900193_022.nc,2002-01-14T15:17:13Z,2002-01-14T15:17:13Z,50.0460,50.0460,-46.4750,-46.4750,9.40,1999.60
4900193,IF,data/atlantic/2002/01/nodc_D4900193_023.nc,2002-01-24T14:42:04Z,2002-01-24T14:42:04Z,49.6910,49.6910,-46.3890,-46.3890,9.70,1999.80
6900045,IF,data/atlantic/2002/01/nodc_D6900045_015.nc,2002-01-01T04:51:00Z,2002-01-01T04:51:00Z,41.8720,41.8720,-18.6000,-18.6000,4.00,1983.00
6900045,IF,data/atlantic/2002/01/nodc_D6900045_016.nc,2002-01-11T05:02:00Z,2002-01-11T05:02:00Z,41.7130,41.7130,-18.7310,-18.7310,16.00,1710.00
6900045,IF,data/atlantic/2002/01/nodc_D6900045_016D.nc,2002-01-01T15:20:00Z,2002-01-01T15:20:00Z,41.8700,41.8700,-18.6390,-18.6390,16.00,1651.00
6900045,IF,data/atlantic/2002/01/nodc_D6900045_017.nc,2002-01-21T04:50:00Z,2002-01-21T04:50:00Z,41.6010,41.6010,-18.8050,-18.8050,5.00,1971.00
6900045,IF,data/atlantic/2002/01/nodc_D6900045_017D.nc,2002-01-11T15:20:00Z,2002-01-11T15:20:00Z,41.7350,41.7350,-18.7490,-18.7490,9.00,1660.00
6900045,IF,data/atlantic/2002/01/nodc_D6900045_018.nc,2002-01-31T04:56:00Z,2002-01-31T04:56:00Z,41.5170,41.5170,-18.5290,-18.5290,5.00,1947.00
6900045,IF,data/atlantic/2002/01/nodc_D6900045_018D.nc,2002-01-21T15:08:00Z,2002-01-21T15:08:00Z,41.5590,41.5590,-18.7950,-18.7950,16.00,1703.00
6900045,IF,data/atlantic/2002/01/nodc_D6900045_019D.nc,2002-01-31T20:05:00Z,2002-01-31T20:05:00Z,41.5300,41.5300,-18.4700,-18.4700,9.00,2115.00
6900046,IF,data/atlantic/2002/01/nodc_R6900046_015.nc,2002-01-01T04:57:00Z,2002-01-01T04:57:00Z,42.3680,42.3680,-19.9030,-19.9030,5.00,1945.00
6900046,IF,data/atlantic/2002/01/nodc_R6900046_016.nc,2002-01-11T05:15:00Z,2002-01-11T05:15:00Z,42.2390,42.2390,-20.6580,-20.6580,5.00,1990.00
6900046,IF,data/atlantic/2002/01/nodc_R6900046_016D.nc,2002-01-01T14:33:00Z,2002-01-01T14:33:00Z,42.3780,42.3780,-19.9450,-19.9450,16.00,461.00
6900046,IF,data/atlantic/2002/01/nodc_R6900046_017.nc,2002-01-21T04:39:00Z,2002-01-21T04:39:00Z,41.7860,41.7860,-20.6810,-20.6810,5.00,1886.00
6900046,IF,data/atlantic/2002/01/nodc_R6900046_017D.nc,2002-01-11T14:57:00Z,2002-01-11T14:57:00Z,42.2400,42.2400,-20.6670,-20.6670,15.00,368.00
6900046,IF,data/atlantic/2002/01/nodc_R6900046_018.nc,2002-01-31T04:33:00Z,2002-01-31T04:33:00Z,41.0530,41.0530,-20.3810,-20.3810,5.00,1888.00
6900046,IF,data/atlantic/2002/01/nodc_R6900046_018D.nc,2002-01-21T14:03:00Z,2002-01-21T14:03:00Z,41.7560,41.7560,-20.6660,-20.6660,10.00,407.00
6900046,IF,data/atlantic/2002/01/nodc_R6900046_019D.nc,2002-01-31T14:03:00Z,2002-01-31T14:03:00Z,41.0510,41.0510,-20.3130,-20.3130,17.00,544.00
6900047,IF,data/atlantic/2002/01/nodc_D6900047_012.nc,2002-01-09T01:25:00Z,2002-01-09T01:25:00Z,57.9100,57.9100,-15.1460,-15.1460,0.00,639.00
6900047,IF,data/atlantic/2002/01/nodc_D6900047_013.nc,2002-01-19T00:55:00Z,2002-01-19T00:55:00Z,58.2290,58.2290,-14.1760,-14.1760,1.00,469.00
6900047,IF,data/atlantic/2002/01/nodc_D6900047_013D.nc,2002-01-09T11:01:00Z,2002-01-09T11:01:00Z,57.9330,57.9330,-15.1090,-15.1090,4.00,378.00
6900047,IF,data/atlantic/2002/01/nodc_D6900047_014.nc,2002-01-29T00:07:00Z,2002-01-29T00:07:00Z,58.2460,58.2460,-13.7290,-13.7290,0.00,278.00
6900047,IF,data/atlantic/2002/01/nodc_D6900047_014D.nc,2002-01-19T10:43:00Z,2002-01-19T10:43:00Z,58.2190,58.2190,-14.1140,-14.1140,4.00,363.00
6900047,IF,data/atlantic/2002/01/nodc_D6900047_015D.nc,2002-01-29T10:13:00Z,2002-01-29T10:13:00Z,58.2660,58.2660,-13.7930,-13.7930,3.00,365.00
6900048,IF,data/atlantic/2002/01/nodc_D6900048_010.nc,2002-01-09T02:42:00Z,2002-01-09T02:42:00Z,40.8170,40.8170,-23.3890,-23.3890,0.00,1815.00
6900048,IF,data/atlantic/2002/01/nodc_D6900048_011.nc,2002-01-19T02:42:00Z,2002-01-19T02:42:00Z,41.0440,41.0440,-23.0310,-23.0310,0.00,1812.00
6900048,IF,data/atlantic/2002/01/nodc_D6900048_011D.nc,2002-01-09T11:12:00Z,2002-01-09T11:12:00Z,40.8350,40.8350,-23.3860,-23.3860,5.00,417.00
6900048,IF,data/atlantic/2002/01/nodc_D6900048_012.nc,2002-01-29T02:48:00Z,2002-01-29T02:48:00Z,41.8030,41.8030,-23.3600,-23.3600,1.00,1842.00
6900048,IF,data/atlantic/2002/01/nodc_D6900048_012D.nc,2002-01-19T11:00:00Z,2002-01-19T11:00:00Z,41.0710,41.0710,-23.0080,-23.0080,5.00,390.00
6900048,IF,data/atlantic/2002/01/nodc_D6900048_013D.nc,2002-01-29T11:12:00Z,2002-01-29T11:12:00Z,41.8260,41.8260,-23.3680,-23.3680,6.00,372.00
6900127,IF,data/atlantic/2002/01/nodc_D6900127_008.nc,2002-01-03T04:11:00Z,2002-01-03T04:11:00Z,45.6620,45.6620,-11.4270,-11.4270,106.00,1709.00
6900127,IF,data/atlantic/2002/01/nodc_D6900127_009.nc,2002-01-13T04:22:00Z,2002-01-13T04:22:00Z,45.7400,45.7400,-11.2170,-11.2170,0.00,1750.00
6900127,IF,data/atlantic/2002/01/nodc_D6900127_010.nc,2002-01-23T04:22:00Z,2002-01-23T04:22:00Z,45.9870,45.9870,-11.6830,-11.6830,0.00,1757.00
6900128,IF,data/atlantic/2002/01/nodc_D6900128_007.nc,2002-01-05T04:18:00Z,2002-01-05T04:18:00Z,44.3410,44.3410,-19.0490,-19.0490,0.00,1757.00
6900128,IF,data/atlantic/2002/01/nodc_D6900128_008.nc,2002-01-15T04:17:00Z,2002-01-15T04:17:00Z,44.2830,44.2830,-18.5640,-18.5640,0.00,1739.00
6900128,IF,data/atlantic/2002/01/nodc_D6900128_009.nc,2002-01-25T04:17:00Z,2002-01-25T04:17:00Z,44.3340,44.3340,-18.0550,-18.0550,0.00,1734.00
6900130,IF,data/atlantic/2002/01/nodc_D6900130_007.nc,2002-01-04T04:18:00Z,2002-01-04T04:18:00Z,43.5200,43.5200,-19.8910,-19.8910,0.00,1761.00
6900130,IF,data/atlantic/2002/01/nodc_D6900130_008.nc,2002-01-14T04:12:00Z,2002-01-14T04:12:00Z,43.3070,43.3070,-19.4540,-19.4540,0.00,1731.00
6900130,IF,data/atlantic/2002/01/nodc_D6900130_009.nc,2002-01-24T04:47:00Z,2002-01-24T04:47:00Z,43.1680,43.1680,-19.5760,-19.5760,0.00,1911.00
6900152,IF,data/atlantic/2002/01/nodc_D6900152_015.nc,2002-01-01T04:36:00Z,2002-01-01T04:36:00Z,43.2660,43.2660,-22.6600,-22.6600,7.70,1948.80
6900152,IF,data/atlantic/2002/01/nodc_D6900152_016.nc,2002-01-11T02:52:00Z,2002-01-11T02:52:00Z,43.4250,43.4250,-22.9250,-22.9250,7.50,1999.60
6900152,IF,data/atlantic/2002/01/nodc_D6900152_017.nc,2002-01-21T04:24:00Z,2002-01-21T04:24:00Z,43.5110,43.5110,-22.9050,-22.9050,7.30,1949.20
6900152,IF,data/atlantic/2002/01/nodc_D6900152_018.nc,2002-01-31T00:48:00Z,2002-01-31T00:48:00Z,43.4730,43.4730,-22.8480,-22.8480,7.40,1999.50
6900153,IF,data/atlantic/2002/01/nodc_D6900153_015.nc,2002-01-03T04:15:00Z,2002-01-03T04:15:00Z,47.5700,47.5700,-14.2810,-14.2810,8.40,1999.60
6900153,IF,data/atlantic/2002/01/nodc_D6900153_016.nc,2002-01-13T05:49:00Z,2002-01-13T05:49:00Z,47.7890,47.7890,-14.2660,-14.2660,8.20,1949.30
6900153,IF,data/atlantic/2002/01/nodc_D6900153_017.nc,2002-01-23T04:02:00Z,2002-01-23T04:02:00Z,47.9910,47.9910,-14.3130,-14.3130,8.20,1999.50
6900154,IF,data/atlantic/2002/01/nodc_D6900154_016.nc,2002-01-03T09:17:00Z,2002-01-03T09:17:00Z,59.2410,59.2410,-22.5360,-22.5360,8.40,1949.40
6900154,IF,data/atlantic/2002/01/nodc_D6900154_017.nc,2002-01-13T05:47:00Z,2002-01-13T05:47:00Z,59.7120,59.7120,-21.8950,-21.8950,8.30,1999.70
6900154,IF,data/atlantic/2002/01/nodc_D6900154_018.nc,2002-01-23T06:32:00Z,2002-01-23T06:32:00Z,60.0440,60.0440,-21.7100,-21.7100,8.50,1999.70
6900155,IF,data/atlantic/2002/01/nodc_D6900155_017.nc,2002-01-08T11:32:00Z,2002-01-08T11:32:00Z,59.5660,59.5660,-16.3270,-16.3270,9.80,1549.60
6900155,IF,data/atlantic/2002/01/nodc_D6900155_018.nc,2002-01-18T11:30:00Z,2002-01-18T11:30:00Z,59.6470,59.6470,-16.6040,-16.6040,9.70,1649.50
6900155,IF,data/atlantic/2002/01/nodc_D6900155_019.nc,2002-01-28T12:03:00Z,2002-01-28T12:03:00Z,59.2940,59.2940,-17.8340,-17.8340,9.20,1699.40
6900156,IF,data/atlantic/2002/01/nodc_D6900156_016.nc,2002-01-02T07:45:00Z,2002-01-02T07:45:00Z,56.8660,56.8660,-33.1350,-33.1350,8.00,1949.20
6900156,IF,data/atlantic/2002/01/nodc_D6900156_017.nc,2002-01-12T04:17:00Z,2002-01-12T04:17:00Z,57.2740,57.2740,-33.3490,-33.3490,8.40,1999.60
6900156,IF,data/atlantic/2002/01/nodc_D6900156_018.nc,2002-01-22T07:27:00Z,2002-01-22T07:27:00Z,57.2850,57.2850,-33.5670,-33.5670,8.60,1949.50
6900157,IF,data/atlantic/2002/01/nodc_D6900157_017.nc,2002-01-06T01:30:00Z,2002-01-06T01:30:00Z,59.1970,59.1970,-41.4970,-41.4970,9.00,1999.90
6900157,IF,data/atlantic/2002/01/nodc_D6900157_018.nc,2002-01-16T02:37:00Z,2002-01-16T02:37:00Z,58.8050,58.8050,-41.8160,-41.8160,8.20,1949.30
6900157,IF,data/atlantic/2002/01/nodc_D6900157_019.nc,2002-01-26T05:06:00Z,2002-01-26T05:06:00Z,58.8340,58.8340,-41.3120,-41.3120,6.20,1949.50
6900158,IF,data/atlantic/2002/01/nodc_D6900158_017.nc,2002-01-06T14:22:00Z,2002-01-06T14:22:00Z,61.6510,61.6510,-39.3910,-39.3910,8.20,1999.60
6900158,IF,data/atlantic/2002/01/nodc_D6900158_018.nc,2002-01-16T14:15:00Z,2002-01-16T14:15:00Z,61.1150,61.1150,-40.1230,-40.1230,8.10,1999.60
6900158,IF,data/atlantic/2002/01/nodc_D6900158_019.nc,2002-01-26T18:33:00Z,2002-01-26T18:33:00Z,60.0840,60.0840,-41.5030,-41.5030,8.40,1949.50
6900159,IF,data/atlantic/2002/01/nodc_D6900159_016.nc,2002-01-08T14:55:00Z,2002-01-08T14:55:00Z,48.0590,48.0590,-25.9630,-25.9630,7.90,1949.00
6900159,IF,data/atlantic/2002/01/nodc_D6900159_017.nc,2002-01-18T11:52:00Z,2002-01-18T11:52:00Z,47.7520,47.7520,-26.1470,-26.1470,8.10,1999.50
6900159,IF,data/atlantic/2002/01/nodc_D6900159_018.nc,2002-01-28T13:52:00Z,2002-01-28T13:52:00Z,47.3610,47.3610,-26.1760,-26.1760,8.00,1949.00
6900160,IF,data/atlantic/2002/01/nodc_D6900160_016.nc,2002-01-09T13:04:00Z,2002-01-09T13:04:00Z,44.4220,44.4220,-26.3490,-26.3490,7.40,1999.60
6900160,IF,data/atlantic/2002/01/nodc_D6900160_017.nc,2002-01-19T16:12:00Z,2002-01-19T16:12:00Z,44.6290,44.6290,-26.3850,-26.3850,7.20,1999.40
6900160,IF,data/atlantic/2002/01/nodc_D6900160_018.nc,2002-01-29T13:33:00Z,2002-01-29T13:33:00Z,44.6960,44.6960,-26.5990,-26.5990,7.50,1999.40
6900161,IF,data/atlantic/2002/01/nodc_D6900161_016.nc,2002-01-05T05:34:00Z,2002-01-05T05:34:00Z,55.1930,55.1930,-30.4850,-30.4850,8.70,1949.00
6900161,IF,data/atlantic/2002/01/nodc_D6900161_017.nc,2002-01-15T01:08:00Z,2002-01-15T01:08:00Z,55.3520,55.3520,-30.3550,-30.3550,8.40,1999.50
6900161,IF,data/atlantic/2002/01/nodc_D6900161_018.nc,2002-01-25T05:17:00Z,2002-01-25T05:17:00Z,55.7850,55.7850,-30.4810,-30.4810,8.30,1949.30
6900162,IF,data/atlantic/2002/01/nodc_D6900162_007.nc,2002-01-01T04:13:00Z,2002-01-01T04:13:00Z,42.2950,42.2950,-14.2190,-14.2190,5.00,1758.00
6900162,IF,data/atlantic/2002/01/nodc_D6900162_008.nc,2002-01-11T04:25:00Z,2002-01-11T04:25:00Z,42.2340,42.2340,-13.9230,-13.9230,5.00,1777.00
6900162,IF,data/atlantic/2002/01/nodc_D6900162_009.nc,2002-01-21T04:25:00Z,2002-01-21T04:25:00Z,42.4230,42.4230,-14.1420,-14.1420,5.00,1756.00
6900162,IF,data/atlantic/2002/01/nodc_D6900162_010.nc,2002-01-31T03:55:00Z,2002-01-31T03:55:00Z,42.5100,42.5100,-14.4960,-14.4960,5.00,1578.00
69019,IF,data/atlantic/2002/01/nodc_D69019_062.nc,2002-01-04T00:10:00Z,2002-01-04T00:10:00Z,41.6460,41.6460,-26.2360,-26.2360,8.30,1495.80
69019,IF,data/atlantic/2002/01/nodc_D69019_063.nc,2002-01-18T21:37:00Z,2002-01-18T21:37:00Z,40.9490,40.9490,-26.3490,-26.3490,8.00,1507.70
69021,IF,data/atlantic/2002/01/nodc_D69021_063.nc,2002-01-15T21:07:00Z,2002-01-15T21:07:00Z,49.1720,49.1720,-14.3000,-14.3000,7.30,1497.40
69021,IF,data/atlantic/2002/01/nodc_D69021_064.nc,2002-01-30T20:22:00Z,2002-01-30T20:22:00Z,49.1830,49.1830,-13.7330,-13.7330,7.50,1495.60
69022,IF,data/atlantic/2002/01/nodc_D69022_040.nc,2002-01-08T03:25:00Z,2002-01-08T03:25:00Z,43.7810,43.7810,-26.5190,-26.5190,11.20,1501.00
69022,IF,data/atlantic/2002/01/nodc_D69022_041.nc,2002-01-23T05:45:00Z,2002-01-23T05:45:00Z,44.0270,44.0270,-26.2670,-26.2670,10.60,1500.40
69023,IF,data/atlantic/2002/01/nodc_D69023_040.nc,2002-01-08T22:08:00Z,2002-01-08T22:08:00Z,45.6120,45.6120,-40.8480,-40.8480,7.10,1504.20
69023,IF,data/atlantic/2002/01/nodc_D69023_041.nc,2002-01-23T23:04:00Z,2002-01-23T23:04:00Z,44.9900,44.9900,-40.6020,-40.6020,6.50,1507.10
69024,IF,data/atlantic/2002/01/nodc_D69024_040.nc,2002-01-12T06:00:00Z,2002-01-12T06:00:00Z,40.7240,40.7240,-31.1300,-31.1300,5.70,1496.50
69024,IF,data/atlantic/2002/01/nodc_D69024_041.nc,2002-01-27T03:21:00Z,2002-01-27T03:21:00Z,41.0130,41.0130,-31.3370,-31.3370,5.50,1504.80
69034,IF,data/atlantic/2002/01/nodc_D69034_047.nc,2002-01-09T04:39:00Z,2002-01-09T04:39:00Z,36.1410,36.1410,-24.4570,-24.4570,0.00,1815.00
69034,IF,data/atlantic/2002/01/nodc_D69034_048.nc,2002-01-19T04:51:00Z,2002-01-19T04:51:00Z,35.5650,35.5650,-25.1150,-25.1150,0.00,1969.00
69034,IF,data/atlantic/2002/01/nodc_D69034_048D.nc,2002-01-09T12:45:00Z,2002-01-09T12:45:00Z,36.1320,36.1320,-24.4900,-24.4900,9.00,476.00
69034,IF,data/atlantic/2002/01/nodc_D69034_049.nc,2002-01-29T04:51:00Z,2002-01-29T04:51:00Z,34.9520,34.9520,-24.7390,-24.7390,0.00,1877.00
69034,IF,data/atlantic/2002/01/nodc_D69034_049D.nc,2002-01-19T13:03:00Z,2002-01-19T13:03:00Z,35.5380,35.5380,-25.1020,-25.1020,4.00,542.00
69034,IF,data/atlantic/2002/01/nodc_D69034_050D.nc,2002-01-29T12:57:00Z,2002-01-29T12:57:00Z,34.9140,34.9140,-24.6940,-24.6940,5.00,551.00
69035,IF,data/atlantic/2002/01/nodc_D69035_047.nc,2002-01-09T01:06:00Z,2002-01-09T01:06:00Z,34.5860,34.5860,-13.5900,-13.5900,0.00,637.00
69035,IF,data/atlantic/2002/01/nodc_D69035_048.nc,2002-01-19T01:24:00Z,2002-01-19T01:24:00Z,34.5990,34.5990,-12.8590,-12.8590,100.00,700.00
69035,IF,data/atlantic/2002/01/nodc_D69035_048D.nc,2002-01-09T10:06:00Z,2002-01-09T10:06:00Z,34.5650,34.5650,-13.5590,-13.5590,7.00,467.00
69035,IF,data/atlantic/2002/01/nodc_D69035_049.nc,2002-01-29T00:24:00Z,2002-01-29T00:24:00Z,35.2590,35.2590,-12.7120,-12.7120,0.00,387.00
69035,IF,data/atlantic/2002/01/nodc_D69035_049D.nc,2002-01-19T10:24:00Z,2002-01-19T10:24:00Z,34.5970,34.5970,-12.8610,-12.8610,5.00,485.00
69036,IF,data/atlantic/2002/01/nodc_D69036_047.nc,2002-01-09T05:04:00Z,2002-01-09T05:04:00Z,37.5770,37.5770,-22.3250,-22.3250,0.00,2023.00
69036,IF,data/atlantic/2002/01/nodc_D69036_048.nc,2002-01-19T01:40:00Z,2002-01-19T01:40:00Z,37.5480,37.5480,-22.6850,-22.6850,0.00,898.00
69036,IF,data/atlantic/2002/01/nodc_D69036_048D.nc,2002-01-09T14:04:00Z,2002-01-09T14:04:00Z,37.6020,37.6020,-22.3210,-22.3210,11.00,539.00
69036,IF,data/atlantic/2002/01/nodc_D69036_049.nc,2002-01-29T02:33:00Z,2002-01-29T02:33:00Z,37.3650,37.3650,-22.8960,-22.8960,119.00,1195.00
69036,IF,data/atlantic/2002/01/nodc_D69036_049D.nc,2002-01-19T10:27:00Z,2002-01-19T10:27:00Z,37.5700,37.5700,-22.6830,-22.6830,3.00,489.00
69036,IF,data/atlantic/2002/01/nodc_D69036_050D.nc,2002-01-29T11:21:00Z,2002-01-29T11:21:00Z,37.3400,37.3400,-22.9040,-22.9040,5.00,539.00
69039,IF,data/atlantic/2002/01/nodc_D69039_047.nc,2002-01-09T05:11:00Z,2002-01-09T05:11:00Z,41.3930,41.3930,-22.1660,-22.1660,0.00,1951.00
69039,IF,data/atlantic/2002/01/nodc_D69039_048.nc,2002-01-19T05:17:00Z,2002-01-19T05:17:00Z,41.8320,41.8320,-22.5390,-22.5390,0.00,1987.00
69039,IF,data/atlantic/2002/01/nodc_D69039_048D.nc,2002-01-09T14:12:00Z,2002-01-09T14:12:00Z,41.3990,41.3990,-22.1670,-22.1670,8.00,384.00
69039,IF,data/atlantic/2002/01/nodc_D69039_049.nc,2002-01-29T05:11:00Z,2002-01-29T05:11:00Z,42.0810,42.0810,-22.1190,-22.1190,1.00,1899.00
69039,IF,data/atlantic/2002/01/nodc_D69039_049D.nc,2002-01-19T14:24:00Z,2002-01-19T14:24:00Z,41.8600,41.8600,-22.5040,-22.5040,6.00,507.00
69039,IF,data/atlantic/2002/01/nodc_D69039_050D.nc,2002-01-29T14:16:00Z,2002-01-29T14:16:00Z,42.0960,42.0960,-22.1190,-22.1190,6.00,488.00
69040,IF,data/atlantic/2002/01/nodc_D69040_047.nc,2002-01-09T04:52:00Z,2002-01-09T04:52:00Z,43.5890,43.5890,-32.0120,-32.0120,0.00,1953.00
69040,IF,data/atlantic/2002/01/nodc_D69040_048.nc,2002-01-19T04:52:00Z,2002-01-19T04:52:00Z,45.1070,45.1070,-30.5820,-30.5820,0.00,1949.00
69040,IF,data/atlantic/2002/01/nodc_D69040_048D.nc,2002-01-09T14:16:00Z,2002-01-09T14:16:00Z,43.6540,43.6540,-32.0170,-32.0170,9.00,454.00
69040,IF,data/atlantic/2002/01/nodc_D69040_049.nc,2002-01-29T04:52:00Z,2002-01-29T04:52:00Z,46.5370,46.5370,-28.8050,-28.8050,0.00,1961.00
69040,IF,data/atlantic/2002/01/nodc_D69040_049D.nc,2002-01-19T14:28:00Z,2002-01-19T14:28:00Z,45.1300,45.1300,-30.5260,-30.5260,5.00,572.00
69040,IF,data/atlantic/2002/01/nodc_D69040_050D.nc,2002-01-29T14:40:00Z,2002-01-29T14:40:00Z,46.5070,46.5070,-28.7070,-28.7070,6.00,416.00
69042,IF,data/atlantic/2002/01/nodc_D69042_027.nc,2002-01-09T04:49:00Z,2002-01-09T04:49:00Z,48.5960,48.5960,-13.7050,-13.7050,0.00,1950.00
69042,IF,data/atlantic/2002/01/nodc_D69042_028.nc,2002-01-19T04:49:00Z,2002-01-19T04:49:00Z,48.2470,48.2470,-13.5610,-13.5610,0.00,1958.00
69042,IF,data/atlantic/2002/01/nodc_D69042_028D.nc,2002-01-09T13:49:00Z,2002-01-09T13:49:00Z,48.5830,48.5830,-13.7010,-13.7010,11.00,457.00
69042,IF,data/atlantic/2002/01/nodc_D69042_029.nc,2002-01-29T05:01:00Z,2002-01-29T05:01:00Z,47.4280,47.4280,-13.5840,-13.5840,0.00,2006.00
69042,IF,data/atlantic/2002/01/nodc_D69042_029D.nc,2002-01-19T13:55:00Z,2002-01-19T13:55:00Z,48.2350,48.2350,-13.5350,-13.5350,11.00,494.00
69042,IF,data/atlantic/2002/01/nodc_D69042_030D.nc,2002-01-29T14:07:00Z,2002-01-29T14:07:00Z,47.4090,47.4090,-13.5340,-13.5340,10.00,547.00
69043,IF,data/atlantic/2002/01/nodc_D69043_027.nc,2002-01-09T01:05:00Z,2002-01-09T01:05:00Z,45.8050,45.8050,-9.9450,-9.9450,0.00,633.00
69043,IF,data/atlantic/2002/01/nodc_D69043_028.nc,2002-01-19T00:17:00Z,2002-01-19T00:17:00Z,45.8710,45.8710,-9.7460,-9.7460,0.00,413.00
69043,IF,data/atlantic/2002/01/nodc_D69043_028D.nc,2002-01-09T09:53:00Z,2002-01-09T09:53:00Z,45.7960,45.7960,-9.9380,-9.9380,10.00,482.00
69043,IF,data/atlantic/2002/01/nodc_D69043_029.nc,2002-01-29T00:28:00Z,2002-01-29T00:28:00Z,45.8710,45.8710,-9.5590,-9.5590,0.00,476.00
69043,IF,data/atlantic/2002/01/nodc_D69043_029D.nc,2002-01-19T09:10:00Z,2002-01-19T09:10:00Z,45.8690,45.8690,-9.7290,-9.7290,10.00,390.00
69043,IF,data/atlantic/2002/01/nodc_D69043_030D.nc,2002-01-29T09:28:00Z,2002-01-29T09:28:00Z,45.8890,45.8890,-9.5610,-9.5610,12.00,486.00
69044,IF,data/atlantic/2002/01/nodc_D69044_026.nc,2002-01-09T04:31:00Z,2002-01-09T04:31:00Z,39.7960,39.7960,-16.5760,-16.5760,1.00,1793.00
69044,IF,data/atlantic/2002/01/nodc_D69044_027.nc,2002-01-19T04:31:00Z,2002-01-19T04:31:00Z,38.9290,38.9290,-16.0600,-16.0600,0.00,1833.00
69044,IF,data/atlantic/2002/01/nodc_D69044_027D.nc,2002-01-09T12:49:00Z,2002-01-09T12:49:00Z,39.7770,39.7770,-16.5580,-16.5580,15.00,468.00
69044,IF,data/atlantic/2002/01/nodc_D69044_028.nc,2002-01-29T04:37:00Z,2002-01-29T04:37:00Z,38.5470,38.5470,-15.8850,-15.8850,1.00,1809.00
69044,IF,data/atlantic/2002/01/nodc_D69044_028D.nc,2002-01-19T12:43:00Z,2002-01-19T12:43:00Z,38.8870,38.8870,-16.0390,-16.0390,10.00,453.00
69044,IF,data/atlantic/2002/01/nodc_D69044_029D.nc,2002-01-29T12:48:00Z,2002-01-29T12:48:00Z,38.5320,38.5320,-15.8740,-15.8740,12.00,425.00
69054,IF,data/atlantic/2002/01/nodc_D69054_015.nc,2002-01-01T04:39:00Z,2002-01-01T04:39:00Z,45.7480,45.7480,-28.6360,-28.6360,7.30,1505.10
69054,IF,data/atlantic/2002/01/nodc_D69054_016.nc,2002-01-16T03:38:00Z,2002-01-16T03:38:00Z,46.1190,46.1190,-28.4050,-28.4050,7.80,1504.50
69054,IF,data/atlantic/2002/01/nodc_D69054_017.nc,2002-01-31T05:58:00Z,2002-01-31T05:58:00Z,46.1820,46.1820,-28.1930,-28.1930,7.50,1500.70
69055,IF,data/atlantic/2002/01/nodc_D69055_016.nc,2002-01-14T07:48:00Z,2002-01-14T07:48:00Z,47.1260,47.1260,-29.4990,-29.4990,7.20,1500.90
69055,IF,data/atlantic/2002/01/nodc_D69055_017.nc,2002-01-29T09:18:00Z,2002-01-29T09:18:00Z,47.3550,47.3550,-29.8370,-29.8370,7.50,1500.40
69056,IF,data/atlantic/2002/01/nodc_D69056_016.nc,2002-01-13T15:29:00Z,2002-01-13T15:29:00Z,48.5530,48.5530,-39.2180,-39.2180,8.10,1510.70
69056,IF,data/atlantic/2002/01/nodc_D69056_017.nc,2002-01-28T15:27:00Z,2002-01-28T15:27:00Z,47.4610,47.4610,-37.6300,-37.6300,7.90,1508.60
69057,IF,data/atlantic/2002/01/nodc_D69057_016.nc,2002-01-14T19:18:00Z,2002-01-14T19:18:00Z,48.1550,48.1550,-28.7880,-28.7880,8.30,1504.20
69057,IF,data/atlantic/2002/01/nodc_D69057_017.nc,2002-01-29T19:36:00Z,2002-01-29T19:36:00Z,48.2930,48.2930,-29.3490,-29.3490,8.00,1506.90
69058,IF,data/atlantic/2002/01/nodc_D69058_016.nc,2002-01-15T11:23:00Z,2002-01-15T11:23:00Z,46.5650,46.5650,-27.9760,-27.9760,7.40,1494.10
69058,IF,data/atlantic/2002/01/nodc_D69058_017.nc,2002-01-30T13:22:00Z,2002-01-30T13:22:00Z,46.6320,46.6320,-27.5760,-27.5760,7.50,1503.50
69069,IF,data/atlantic/2002/01/nodc_D69069_030.nc,2002-01-09T18:32:00Z,2002-01-09T18:32:00Z,74.3730,74.3730,3.1880,3.1880,7.10,1949.30
69069,IF,data/atlantic/2002/01/nodc_D69069_031.nc,2002-01-19T18:24:00Z,2002-01-19T18:24:00Z,74.5590,74.5590,3.1480,3.1480,49.50,1999.30
69069,IF,data/atlantic/2002/01/nodc_D69069_032.nc,2002-01-29T18:02:00Z,2002-01-29T18:02:00Z,74.8250,74.8250,3.1190,3.1190,7.10,1949.40
69070,IF,data/atlantic/2002/01/nodc_D69070_023.nc,2002-01-18T22:39:00Z,2002-01-18T22:39:00Z,74.5370,74.5370,0.3480,0.3480,7.20,1949.10
69070,IF,data/atlantic/2002/01/nodc_D69070_024.nc,2002-01-28T23:24:00Z,2002-01-28T23:24:00Z,74.5350,74.5350,0.4850,0.4850,7.10,1999.60
69071,IF,data/atlantic/2002/01/nodc_D69071_030.nc,2002-01-10T02:51:00Z,2002-01-10T02:51:00Z,74.8720,74.8720,4.3950,4.3950,8.40,1949.00
69072,IF,data/atlantic/2002/01/nodc_D69072_030.nc,2002-01-10T05:05:00Z,2002-01-10T05:05:00Z,75.0640,75.0640,-0.0840,-0.0840,8.90,1999.70
69072,IF,data/atlantic/2002/01/nodc_D69072_031.nc,2002-01-20T09:49:00Z,2002-01-20T09:49:00Z,74.8780,74.8780,0.4400,0.4400,9.20,1949.30
69072,IF,data/atlantic/2002/01/nodc_D69072_032.nc,2002-01-30T05:53:00Z,2002-01-30T05:53:00Z,74.8770,74.8770,0.2110,0.2110,9.40,1999.60
69073,IF,data/atlantic/2002/01/nodc_D69073_030.nc,2002-01-10T11:49:00Z,2002-01-10T11:49:00Z,73.5830,73.5830,-8.5480,-8.5480,8.00,1949.20
69073,IF,data/atlantic/2002/01/nodc_D69073_031.nc,2002-01-20T11:08:00Z,2002-01-20T11:08:00Z,73.3840,73.3840,-8.2460,-8.2460,7.90,1999.60
69073,IF,data/atlantic/2002/01/nodc_D69073_032.nc,2002-01-30T12:10:00Z,2002-01-30T12:10:00Z,73.2700,73.2700,-7.4670,-7.4670,8.20,1949.20
4900132,ME,data/atlantic/2002/01/nodc_D4900132_008.nc,2002-01-08T19:30:00Z,2002-01-08T19:30:00Z,39.4730,39.4730,-63.7680,-63.7680,7.90,2000.70
4900132,ME,data/atlantic/2002/01/nodc_D4900132_009.nc,2002-01-18T20:10:00Z,2002-01-18T20:10:00Z,38.7740,38.7740,-62.9870,-62.9870,8.40,2006.60
4900132,ME,data/atlantic/2002/01/nodc_D4900132_010.nc,2002-01-28T19:47:00Z,2002-01-28T19:47:00Z,38.0770,38.0770,-63.0360,-63.0360,8.20,2003.80
4900133,ME,data/atlantic/2002/01/nodc_D4900133_007.nc,2002-01-08T08:27:00Z,2002-01-08T08:27:00Z,41.4340,41.4340,-65.3480,-65.3480,7.50,2008.80
4900133,ME,data/atlantic/2002/01/nodc_D4900133_008.nc,2002-01-18T08:20:00Z,2002-01-18T08:20:00Z,40.9960,40.9960,-65.8570,-65.8570,7.60,2018.40
4900133,ME,data/atlantic/2002/01/nodc_D4900133_009.nc,2002-01-28T08:14:00Z,2002-01-28T08:14:00Z,40.6990,40.6990,-66.3240,-66.3240,7.90,1988.50
4900134,ME,data/atlantic/2002/01/nodc_D4900134_005.nc,2002-01-05T19:27:00Z,2002-01-05T19:27:00Z,41.8670,41.8670,-49.2770,-49.2770,7.60,1996.80
4900134,ME,data/atlantic/2002/01/nodc_D4900134_006.nc,2002-01-15T19:06:00Z,2002-01-15T19:06:00Z,41.6630,41.6630,-48.6250,-48.6250,7.80,2004.00
4900134,ME,data/atlantic/2002/01/nodc_D4900134_007.nc,2002-01-25T18:33:00Z,2002-01-25T18:33:00Z,41.7850,41.7850,-48.8260,-48.8260,7.90,1998.50
4900135,ME,data/atlantic/2002/01/nodc_D4900135_007.nc,2002-01-10T06:26:00Z,2002-01-10T06:26:00Z,43.0220,43.0220,-57.4920,-57.4920,8.10,1999.70
4900135,ME,data/atlantic/2002/01/nodc_D4900135_008.nc,2002-01-20T07:58:00Z,2002-01-20T07:58:00Z,42.9520,42.9520,-57.2600,-57.2600,8.10,2000.50
4900135,ME,data/atlantic/2002/01/nodc_D4900135_009.nc,2002-01-30T06:11:00Z,2002-01-30T06:11:00Z,42.8620,42.8620,-57.2430,-57.2430,7.50,2003.10
13859,AO,data/atlantic/2002/01/nodc_R13859_148.nc,2002-01-02T13:02:25Z,2002-01-02T13:02:25Z,4.7900,4.7900,-25.0930,-25.0930,98.10,992.20
13859,AO,data/atlantic/2002/01/nodc_R13859_149.nc,2002-01-13T13:46:51Z,2002-01-13T13:46:51Z,4.9770,4.9770,-24.6590,-24.6590,92.60,1003.10
13859,AO,data/atlantic/2002/01/nodc_R13859_150.nc,2002-01-24T13:09:25Z,2002-01-24T13:09:25Z,4.8580,4.8580,-24.5790,-24.5790,87.20,997.70
15820,AO,data/atlantic/2002/01/nodc_R15820_147.nc,2002-01-07T00:51:42Z,2002-01-07T00:51:42Z,-6.4160,-6.4160,-25.4490,-25.4490,69.40,885.80
15820,AO,data/atlantic/2002/01/nodc_R15820_148.nc,2002-01-18T01:46:17Z,2002-01-18T01:46:17Z,-6.2560,-6.2560,-25.5360,-25.5360,27.10,875.30
15820,AO,data/atlantic/2002/01/nodc_R15820_149.nc,2002-01-29T00:56:38Z,2002-01-29T00:56:38Z,-5.9170,-5.9170,-25.6390,-25.6390,58.80,880.50
31859,AO,data/atlantic/2002/01/nodc_R31859_147.nc,2002-01-02T22:24:17Z,2002-01-02T22:24:17Z,-14.6900,-14.6900,-35.7280,-35.7280,27.40,889.00
31859,AO,data/atlantic/2002/01/nodc_R31859_148.nc,2002-01-13T23:13:19Z,2002-01-13T23:13:19Z,-14.1590,-14.1590,-34.4170,-34.4170,27.40,889.00
31859,AO,data/atlantic/2002/01/nodc_R31859_149.nc,2002-01-25T00:08:06Z,2002-01-25T00:08:06Z,-14.2310,-14.2310,-33.7070,-33.7070,32.80,889.00
39009,AO,data/atlantic/2002/01/nodc_R39009_067.nc,2002-01-02T16:18:55Z,2002-01-02T16:18:55Z,-9.3030,-9.3030,-26.6490,-26.6490,4.00,1003.40
39009,AO,data/atlantic/2002/01/nodc_R39009_068.nc,2002-01-13T10:15:29Z,2002-01-13T10:15:29Z,-9.3970,-9.3970,-26.5690,-26.5690,4.00,1004.20
39009,AO,data/atlantic/2002/01/nodc_R39009_069.nc,2002-01-24T04:15:15Z,2002-01-24T04:15:15Z,-9.2340,-9.2340,-26.4640,-26.4640,4.00,1002.90
39013,AO,data/atlantic/2002/01/nodc_R39013_067.nc,2002-01-08T09:23:38Z,2002-01-08T09:23:38Z,-3.3050,-3.3050,-28.2120,-28.2120,4.00,1008.70
39013,AO,data/atlantic/2002/01/nodc_R39013_068.nc,2002-01-19T03:28:23Z,2002-01-19T03:28:23Z,-3.2070,-3.2070,-28.1080,-28.1080,4.00,1001.70
39013,AO,data/atlantic/2002/01/nodc_R39013_069.nc,2002-01-29T21:23:07Z,2002-01-29T21:23:07Z,-3.8510,-3.8510,-28.3580,-28.3580,4.00,1009.10
39017,AO,data/atlantic/2002/01/nodc_R39017_067.nc,2002-01-04T21:27:31Z,2002-01-04T21:27:31Z,5.6710,5.6710,-23.0210,-23.0210,4.00,996.90
39017,AO,data/atlantic/2002/01/nodc_R39017_068.nc,2002-01-15T15:27:51Z,2002-01-15T15:27:51Z,5.5680,5.5680,-23.5770,-23.5770,4.00,1004.00
39017,AO,data/atlantic/2002/01/nodc_R39017_069.nc,2002-01-26T09:23:35Z,2002-01-26T09:23:35Z,5.3990,5.3990,-24.0190,-24.0190,4.00,1005.10
4900228,AO,data/atlantic/2002/01/nodc_R4900228_011.nc,2002-01-02T16:38:00Z,2002-01-02T16:38:00Z,33.1410,33.1410,-66.7780,-66.7780,1.50,1201.50
4900228,AO,data/atlantic/2002/01/nodc_R4900228_012.nc,2002-01-07T16:49:00Z,2002-01-07T16:49:00Z,33.2530,33.2530,-66.8400,-66.8400,0.50,1200.50
4900228,AO,data/atlantic/2002/01/nodc_R4900228_013.nc,2002-01-12T16:31:00Z,2002-01-12T16:31:00Z,33.3240,33.3240,-66.9960,-66.9960,0.50,1207.50
4900228,AO,data/atlantic/2002/01/nodc_R4900228_014.nc,2002-01-17T16:29:00Z,2002-01-17T16:29:00Z,33.4540,33.4540,-67.2200,-67.2200,0.50,1207.50
4900228,AO,data/atlantic/2002/01/nodc_R4900228_015.nc,2002-01-22T16:27:00Z,2002-01-22T16:27:00Z,33.5260,33.5260,-67.4330,-67.4330,0.50,1204.50
4900228,AO,data/atlantic/2002/01/nodc_R4900228_016.nc,2002-01-27T16:33:00Z,2002-01-27T16:33:00Z,33.6120,33.6120,-67.7240,-67.7240,1.50,1213.50
